trial,frozen_served,frozen_avg,reopt_served,reopt_avg,coverage_recovered,n_common,frozen_avg_common,reopt_avg_common,score_gap_common,n_hubs_disrupted,n_routes_out,solver,frozen_fail_route_outage,frozen_fail_zero_capacity,frozen_fail_capacity_escalation,frozen_fail_capacity_contention
0,165,0.323833579279044,169,0.31114846833142873,4,165,0.323833579279044,0.3082584965598244,0.01557508271921959,28,15,Optimal,4,0,1,0
1,165,0.31812853496618637,170,0.30345360567064567,5,165,0.31812853496618637,0.30325671941940774,0.014871815546778633,33,18,Optimal,4,0,1,0
2,161,0.3418527412600379,170,0.3243763725109001,9,161,0.3418527412600379,0.3230794022881736,0.018773338971864284,33,19,Optimal,9,0,0,0
3,160,0.31887955597353185,169,0.3110274238847713,9,160,0.31887955597353185,0.3059506684422082,0.012928887531323652,22,17,Optimal,9,0,1,0
4,167,0.32345975357691287,170,0.31080335187365266,3,167,0.32345975357691287,0.30978595921010516,0.013673794366807712,35,14,Optimal,2,0,1,0
5,165,0.30533804852381224,169,0.288917812254155,4,165,0.30533804852381224,0.2889478634676263,0.016390185056185946,23,26,Optimal,4,0,1,0
6,161,0.34394777283778055,169,0.32700762654116555,8,161,0.34394777283778055,0.327718904026399,0.016228868811381525,24,20,Optimal,9,0,0,0
7,161,0.3231162351403706,169,0.3068114519035449,8,161,0.3231162351403706,0.30278882714990235,0.020327407990468227,33,26,Optimal,8,0,1,0
8,164,0.34303959970026754,168,0.3334895926565352,4,164,0.34303959970026754,0.3316550484631709,0.01138455123709664,24,19,Optimal,6,0,0,0
9,161,0.33783752965738495,168,0.31953816972875965,7,161,0.33783752965738495,0.3208121595740731,0.01702537008331184,30,24,Optimal,8,0,1,0
10,161,0.3413722467819633,168,0.3234356592295312,7,161,0.3413722467819633,0.3230962387984191,0.01827600798354423,30,22,Optimal,8,0,1,0
11,164,0.3431857771896028,169,0.328952482982852,5,164,0.3431857771896028,0.3258904850152112,0.01729529217439163,22,14,Optimal,6,0,0,0
12,162,0.3326339638700978,168,0.31961805707655333,6,162,0.3326339638700978,0.3148395595804518,0.017794404289646015,23,26,Optimal,7,0,1,0
13,163,0.34156859787713745,168,0.31801380875929497,5,163,0.34156859787713745,0.3176436493668992,0.023924948510238242,30,16,Optimal,6,0,1,0
14,161,0.33907613640809076,167,0.31903089352718056,6,161,0.33907613640809076,0.31959725123798816,0.0194788851701026,21,14,Optimal,9,0,0,0
15,165,0.331865110353408,169,0.31184632350529234,4,165,0.331865110353408,0.3119126693680297,0.019952440985378295,26,23,Optimal,5,0,0,0
16,161,0.3200076651554275,168,0.30941391032932214,7,161,0.3200076651554275,0.30648010419942073,0.013527560956006768,29,19,Optimal,8,0,1,0
17,163,0.3373464263650237,167,0.3217868323426696,4,163,0.3373464263650237,0.32131948992480314,0.016026936440220574,38,26,Optimal,6,0,1,0
18,167,0.338234786986051,169,0.3251387117792767,2,167,0.338234786986051,0.32329033350565434,0.014944453480396636,30,16,Optimal,3,0,0,0
19,164,0.3199906941470997,169,0.30892595333009065,5,164,0.3199906941470997,0.30913924887349237,0.010851445273607319,33,24,Optimal,6,0,0,0
20,161,0.3109149198546612,168,0.2997400581548374,7,161,0.3109149198546612,0.29933916500311475,0.011575754851546438,31,15,Optimal,8,0,1,0
21,164,0.3267529642114219,170,0.309615535645468,6,164,0.3267529642114219,0.3111450553246617,0.015607908886760224,34,15,Optimal,5,0,1,0
22,165,0.34501193836383043,170,0.3307068699626657,5,165,0.34501193836383043,0.3289575307646641,0.01605440759916632,25,21,Optimal,5,0,0,0
23,165,0.3162951009485179,169,0.29964733462872833,4,165,0.3162951009485179,0.2999246235739292,0.016370477374588743,29,15,Optimal,4,0,1,0
24,161,0.3211516801055982,168,0.30981464822463395,7,161,0.3211516801055982,0.30686520174531934,0.014286478360278854,35,19,Optimal,8,0,0,1
25,164,0.3456784863329242,170,0.33035694189291787,6,164,0.3456784863329242,0.3270025532778922,0.018675933055032012,26,21,Optimal,6,0,0,0
26,164,0.3390706154141649,168,0.325485375941351,4,164,0.3390706154141649,0.32470830177824705,0.014362313635917834,32,19,Optimal,4,0,2,0
27,164,0.3308761409722395,169,0.31440645127102645,5,164,0.3308761409722395,0.31299944495064413,0.017876696021595362,33,16,Optimal,5,0,1,0
28,167,0.35346425209821497,170,0.32639539605200285,3,167,0.35346425209821497,0.32467984278443845,0.028784409313776516,38,19,Optimal,3,0,0,0
29,163,0.33255261961371757,168,0.313848713776564,5,163,0.33255261961371757,0.3131408675720762,0.01941175204164136,22,19,Optimal,6,0,1,0
30,163,0.3265725196963864,170,0.3076600210900016,7,163,0.3265725196963864,0.30678158679297646,0.01979093290340994,37,14,Optimal,6,0,1,0
31,163,0.3398940053710568,168,0.32706756807659865,5,163,0.3398940053710568,0.3241803688054836,0.015713636565573175,31,19,Optimal,7,0,0,0
32,163,0.3202421556421839,169,0.3023311624857406,6,163,0.3202421556421839,0.30257880998005293,0.017663345662130958,29,16,Optimal,6,0,1,0
33,165,0.3062517225204848,168,0.29249588971192525,3,165,0.3062517225204848,0.2917017893080257,0.01454993321245912,21,21,Optimal,5,0,0,0
34,164,0.33530232473635224,168,0.3188651016209975,4,164,0.33530232473635224,0.3177010096405055,0.017601315095846726,32,20,Optimal,5,0,1,0
35,167,0.32363215418078123,170,0.3121773521616791,3,167,0.32363215418078123,0.31053763065983575,0.013094523520945478,28,16,Optimal,3,0,0,0
36,163,0.33350793348882674,169,0.3207413871039681,6,163,0.33350793348882674,0.32066550257732207,0.012842430911504665,32,28,Optimal,5,0,2,0
37,164,0.33828557655924196,170,0.3219241313139148,6,164,0.33828557655924196,0.3216460446257406,0.016639531933501372,26,22,Optimal,6,0,0,0
38,161,0.31151181333086364,169,0.30410197589794463,8,161,0.31151181333086364,0.3006164660586513,0.010895347272212363,39,26,Optimal,9,0,0,0
39,164,0.3484538742359731,170,0.3208745409739634,6,164,0.3484538742359731,0.3198048289836357,0.028649045252337413,33,17,Optimal,6,0,0,0
40,167,0.33289152204191563,169,0.32131761263449127,2,167,0.33289152204191563,0.3191731546377304,0.01371836740418525,39,15,Optimal,2,0,1,0
41,168,0.3237015721983842,169,0.31330096297170584,1,168,0.3237015721983842,0.31345550573850317,0.01024606645988102,26,16,Optimal,2,0,0,0
42,167,0.32655113028004956,169,0.31609968650278186,2,167,0.32655113028004956,0.3148733431592821,0.011677787120767447,35,13,Optimal,3,0,0,0
43,169,0.35258114306566457,169,0.3305389569773292,0,169,0.35258114306566457,0.3305389569773292,0.022042186088335358,29,16,Optimal,0,0,1,0
44,168,0.32596109946050694,170,0.3121120153783994,2,168,0.32596109946050694,0.3111525793829066,0.014808520077600362,23,20,Optimal,2,0,0,0
45,162,0.3545824208256691,169,0.34065475987007643,7,162,0.3545824208256691,0.337928864562777,0.01665355626289211,27,22,Optimal,8,0,0,0
46,161,0.34827309732886474,169,0.3351788664624204,8,161,0.34827309732886474,0.32959654562446183,0.01867655170440291,24,20,Optimal,9,0,0,0
47,164,0.29914287530403794,170,0.28928648847415045,6,164,0.29914287530403794,0.2863502824016113,0.012792592902426625,27,22,Optimal,5,0,1,0
48,168,0.3418521008014439,169,0.3280135878889706,1,168,0.3418521008014439,0.3275908294615987,0.014261271339845227,30,20,Optimal,2,0,0,0
49,167,0.3542436025970486,169,0.33840343203901474,2,167,0.3542436025970486,0.3380571904216437,0.016186412175404896,40,15,Optimal,3,0,0,0
50,165,0.31695176731663816,169,0.2971557211128404,4,165,0.31695176731663816,0.29777749422662847,0.019174273090009686,36,10,Optimal,3,0,2,0
51,160,0.33532371467138866,170,0.31810660028532384,10,160,0.33532371467138866,0.317390139860124,0.017933574811264674,27,21,Optimal,9,0,1,0
52,165,0.31834352391754794,167,0.3028641885113895,2,165,0.31834352391754794,0.30224736037588484,0.0160961635416631,26,23,Optimal,4,0,1,0
53,162,0.3442546594625072,170,0.33154129492087925,8,162,0.3442546594625072,0.3290490041458853,0.015205655316621935,37,27,Optimal,6,0,2,0
54,165,0.334837176857171,169,0.3197111180631167,4,165,0.334837176857171,0.31909857103841466,0.015738605818756357,31,21,Optimal,5,0,0,0
55,166,0.32160509933750075,170,0.29883111622271497,4,166,0.32160509933750075,0.29844090702285,0.023164192314650778,39,18,Optimal,4,0,0,0
56,164,0.345310069944738,170,0.33176965011836224,6,164,0.345310069944738,0.3308054012600329,0.014504668684705124,29,12,Optimal,5,0,1,0
57,163,0.3243151822829545,169,0.30667219505393645,6,163,0.3243151822829545,0.3047219463338409,0.019593235949113552,32,14,Optimal,3,0,4,0
58,162,0.31125079015984447,169,0.3014513110920701,7,162,0.31125079015984447,0.2983048660734648,0.012945924086379679,29,24,Optimal,6,0,2,0
59,166,0.3364295546993248,170,0.3266459291379941,4,166,0.3364295546993248,0.3258451701050622,0.010584384594262586,27,16,Optimal,4,0,0,0
60,163,0.31265670741005175,169,0.3040379375367984,6,163,0.31265670741005175,0.30166671305315296,0.010989994356898791,20,15,Optimal,6,0,1,0
61,165,0.33789745331790355,169,0.3233748148248222,4,165,0.33789745331790355,0.3210205381947004,0.016876915123203162,22,12,Optimal,4,0,1,0
62,167,0.33461634324575684,170,0.3156340932511637,3,167,0.33461634324575684,0.3140520877540644,0.02056425549169244,19,10,Optimal,3,0,0,0
63,164,0.33975725967693815,167,0.3210689249860097,3,164,0.33975725967693815,0.3201952780396616,0.01956198163727657,27,15,Optimal,5,0,1,0
64,167,0.34741876817900846,170,0.3320104661283982,3,167,0.34741876817900846,0.33155733225079087,0.015861435928217593,31,17,Optimal,3,0,0,0
65,166,0.34367880480726676,169,0.32508747949703715,3,166,0.34367880480726676,0.3263936934371508,0.017285111370115958,24,12,Optimal,4,0,0,0
66,163,0.32548625245075563,170,0.3083393279440238,7,163,0.32548625245075563,0.3057874337474618,0.01969881870329382,34,20,Optimal,6,0,1,0
67,165,0.31858993748691966,169,0.307707818900945,4,165,0.31858993748691966,0.3073460912626883,0.011243846224231357,33,27,Optimal,5,0,0,0
68,165,0.33593135830980175,170,0.3184242636063375,5,165,0.33593135830980175,0.31719312433437985,0.018738233975421903,25,16,Optimal,5,0,0,0
69,162,0.3577794928729358,170,0.3492342246505733,8,162,0.3577794928729358,0.3452314179983955,0.012548074874540294,24,24,Optimal,7,0,1,0
70,167,0.31087174020716146,169,0.2935362221584766,2,167,0.31087174020716146,0.29285197814170816,0.018019762065453304,32,16,Optimal,3,0,0,0
71,164,0.34600303050602765,170,0.333210883157298,6,164,0.34600303050602765,0.3313130943043665,0.014689936201661147,31,26,Optimal,6,0,0,0
72,166,0.34217925749390804,170,0.3220795768856259,4,166,0.34217925749390804,0.3223948688344849,0.019784388659423113,21,20,Optimal,4,0,0,0
73,164,0.3485040156494312,169,0.3346015326555084,5,164,0.3485040156494312,0.333723555296576,0.014780460352855185,27,11,Optimal,3,0,3,0
74,167,0.30803209402154275,170,0.2902071881593181,3,167,0.30803209402154275,0.29003153321347086,0.018000560808071886,33,19,Optimal,3,0,0,0
75,165,0.32156693828716754,169,0.31180046199239103,4,165,0.32156693828716754,0.3108212187628612,0.010745719524306363,29,16,Optimal,2,0,3,0
76,163,0.3048943417023751,169,0.28979420386899013,6,163,0.3048943417023751,0.2867823906932703,0.018111951009104843,27,12,Optimal,5,0,2,0
77,165,0.32617518271231405,170,0.3128238532333709,5,165,0.32617518271231405,0.3134416534029229,0.012733529309391145,30,17,Optimal,4,0,1,0
78,166,0.3319902801985569,169,0.31690307165722365,3,166,0.3319902801985569,0.31501571437731146,0.016974565821245458,24,21,Optimal,4,0,0,0
79,163,0.33045399401460446,169,0.3177743479478712,6,163,0.33045399401460446,0.3141555489368218,0.016298445077782664,33,23,Optimal,6,0,1,0
80,161,0.3332934230498236,168,0.321777540505068,7,161,0.3332934230498236,0.31913083343401155,0.014162589615812071,29,20,Optimal,9,0,0,0
81,165,0.3473097781419688,170,0.33014895054876925,5,165,0.3473097781419688,0.3274053499380165,0.019904428203952274,38,16,Optimal,5,0,0,0
82,165,0.32471230646622284,170,0.3162680168135966,5,165,0.32471230646622284,0.3120542220359019,0.01265808443032096,28,19,Optimal,4,0,1,0
83,167,0.30368732915544067,170,0.29082213842866655,3,167,0.30368732915544067,0.2899535837917489,0.013733745363691763,32,13,Optimal,2,0,1,0
84,165,0.3061761125359924,169,0.2921220187015412,4,165,0.3061761125359924,0.29173724487493463,0.014438867661057786,34,19,Optimal,4,0,1,0
85,169,0.34055328324210954,170,0.324132235021609,1,169,0.34055328324210954,0.3242062624092143,0.016347020832895243,26,14,Optimal,1,0,0,0
86,168,0.3321061505473132,170,0.319153642465071,2,168,0.3321061505473132,0.31810570465683974,0.014000445890473445,33,14,Optimal,2,0,0,0
87,157,0.34346151497328603,167,0.3257384256439724,10,157,0.34346151497328603,0.3249897815972936,0.01847173337599245,32,22,Optimal,11,0,2,0
88,161,0.3429902033624801,170,0.32386537445320546,9,161,0.3429902033624801,0.32368498664533546,0.019305216717144635,29,23,Optimal,6,0,3,0
89,161,0.31216717755570916,170,0.3042465101593011,9,161,0.31216717755570916,0.3016367476905729,0.010530429865136248,28,21,Optimal,8,0,0,1
90,166,0.32581596536358853,168,0.3096494215437917,2,166,0.32581596536358853,0.307171641492503,0.018644323871085555,34,15,Optimal,4,0,0,0
91,165,0.3402361188424845,168,0.31807353136587163,3,165,0.3402361188424845,0.31671169065222027,0.023524428190264235,28,17,Optimal,5,0,0,0
92,158,0.3429091862420552,168,0.3310659169834662,10,158,0.3429091862420552,0.32813183850554256,0.014777347736512625,26,19,Optimal,12,0,0,0
93,164,0.31925919015201826,170,0.3024611619809603,6,164,0.31925919015201826,0.30068832893538644,0.018570861216631818,29,22,Optimal,6,0,0,0
94,162,0.344785786107978,170,0.32246753020659275,8,162,0.344785786107978,0.32256074217684416,0.022225043931133837,24,15,Optimal,7,0,1,0
95,164,0.3356657052348195,169,0.3175756400782419,5,164,0.3356657052348195,0.31704254311719926,0.018623162117620218,32,18,Optimal,5,0,1,0
96,164,0.31890949832236487,169,0.30719835078487273,5,164,0.31890949832236487,0.30682832043043295,0.012081177891931916,24,11,Optimal,4,0,2,0
97,165,0.342616288413941,169,0.33183677689021934,4,165,0.342616288413941,0.3318633151478111,0.010752973266129895,33,13,Optimal,5,0,0,0
98,169,0.30316016306950755,170,0.2908995517556991,1,169,0.30316016306950755,0.29017835309222156,0.012981809977285985,24,16,Optimal,1,0,0,0
99,163,0.34194157577210826,170,0.3320187038929993,7,163,0.34194157577210826,0.32804104062240996,0.013900535149698301,31,19,Optimal,6,0,1,0
100,166,0.3196612527511778,168,0.30297803614530183,2,166,0.3196612527511778,0.3030992416010494,0.016562011150128397,29,13,Optimal,2,0,2,0
101,162,0.32181719795201763,167,0.31126481817396734,5,162,0.32181719795201763,0.31039966734188174,0.011417530610135895,27,16,Optimal,8,0,0,0
102,166,0.3195642063709206,170,0.30865953806334806,4,166,0.3195642063709206,0.30625787769187696,0.013306328679043633,30,13,Optimal,4,0,0,0
103,163,0.3188198123801334,168,0.30832319776354244,5,163,0.3188198123801334,0.30572189817184,0.013097914208293426,22,17,Optimal,5,0,2,0
104,165,0.3496055437075163,168,0.33097468568625615,3,165,0.3496055437075163,0.3295037964214476,0.020101747286068672,37,17,Optimal,3,0,2,0
105,162,0.3287471239930688,169,0.30935432157475673,7,162,0.3287471239930688,0.30854615963764864,0.02020096435542018,30,13,Optimal,7,0,1,0
106,167,0.32494332882563515,170,0.3095701292305436,3,167,0.32494332882563515,0.30934178849588334,0.015601540329751806,33,21,Optimal,3,0,0,0
107,165,0.33337489383911134,169,0.3180138730881027,4,165,0.33337489383911134,0.316945175386612,0.016429718452499353,32,18,Optimal,4,0,1,0
108,164,0.3154396925819673,169,0.2987904504732526,5,164,0.3154396925819673,0.3007927261830698,0.01464696639889751,25,22,Optimal,5,0,1,0
109,164,0.32251184096466096,168,0.30606442734032396,4,164,0.32251184096466096,0.3051355043069615,0.017376336657699443,28,21,Optimal,5,0,1,0
110,162,0.3290239338003307,167,0.3174021978088091,5,162,0.3290239338003307,0.31509973143649334,0.013924202363837346,31,22,Optimal,6,0,2,0
111,165,0.3350149085821662,169,0.31471889777004003,4,165,0.3350149085821662,0.31238284083511597,0.022632067747050233,29,12,Optimal,4,0,1,0
112,159,0.3150085822942487,168,0.30041112250692364,9,159,0.3150085822942487,0.30022092907120024,0.01478765322304848,27,26,Optimal,10,0,1,0
113,163,0.3379400177600299,169,0.3225105779336714,6,163,0.3379400177600299,0.32087544669641727,0.017064571063612644,27,21,Optimal,5,0,2,0
114,166,0.32303144970948733,170,0.31281739067423314,4,166,0.32303144970948733,0.3116980794813483,0.011333370228139017,26,15,Optimal,4,0,0,0
115,165,0.3311750556657311,167,0.31435232773748234,2,165,0.3311750556657311,0.3130607182602619,0.018114337405469194,31,21,Optimal,4,0,1,0
116,162,0.3249227558964011,168,0.3094991419579727,6,162,0.3249227558964011,0.3060311823118233,0.018891573584577825,33,25,Optimal,5,0,3,0
117,163,0.3256660023292764,168,0.3113340515066665,5,163,0.3256660023292764,0.3103900254107291,0.015275976918547318,30,17,Optimal,5,0,2,0
118,166,0.3436232760445869,170,0.3285678460775251,4,166,0.3436232760445869,0.32629212410493513,0.01733115193965179,28,18,Optimal,4,0,0,0
119,164,0.30659913849774145,169,0.29428825648162205,5,164,0.30659913849774145,0.2921262902768356,0.014472848220905832,26,16,Optimal,3,0,3,0
120,168,0.32173502915851976,170,0.305234493195128,2,168,0.32173502915851976,0.30549943921859074,0.016235589939929018,25,19,Optimal,2,0,0,0
121,168,0.31015225362123966,170,0.2944663460699993,2,168,0.31015225362123966,0.2944283001403046,0.015723953480935082,24,17,Optimal,2,0,0,0
122,156,0.31195799371345484,170,0.30022775152058684,14,156,0.31195799371345484,0.29886784728515875,0.01309014642829609,26,35,Optimal,13,0,1,0
123,165,0.3468181160242601,169,0.3310885831321819,4,165,0.3468181160242601,0.32931453781077946,0.01750357821348064,20,19,Optimal,5,0,0,0
124,160,0.31310176674243956,169,0.3036347081412381,9,160,0.31310176674243956,0.3001301232183294,0.012971643524110177,27,20,Optimal,9,0,1,0
125,165,0.3395403293224034,169,0.31988988822649156,4,165,0.3395403293224034,0.3198836463300707,0.019656682992332697,35,14,Optimal,4,0,1,0
126,163,0.34293913006292776,170,0.3314900335930919,7,163,0.34293913006292776,0.33015744422852034,0.012781685834407419,32,22,Optimal,7,0,0,0
127,160,0.34735174274931385,170,0.3307561752936704,10,160,0.34735174274931385,0.3268250018032514,0.02052674094606244,26,18,Optimal,8,0,2,0
128,163,0.33613582573892636,169,0.3239326321799068,6,163,0.33613582573892636,0.3223077085663251,0.01382811717260124,30,20,Optimal,6,0,1,0
129,169,0.33059397747431163,170,0.3166665907286206,1,169,0.33059397747431163,0.315763568193035,0.014830409281276602,30,16,Optimal,0,0,1,0
130,165,0.3161579867762351,169,0.30787592211825654,4,165,0.3161579867762351,0.30856529187163684,0.007592694904598241,29,21,Optimal,5,0,0,0
131,169,0.3043049319144455,170,0.28911244665222274,1,169,0.3043049319144455,0.28924365446808087,0.015061277446364651,28,19,Optimal,1,0,0,0
132,167,0.33282800001550594,169,0.3222378305035115,2,167,0.33282800001550594,0.3223805389251099,0.010447461090396015,36,17,Optimal,3,0,0,0
133,165,0.3350337448453347,170,0.31485367774142275,5,165,0.3350337448453347,0.31382679398579716,0.021206950859537554,26,21,Optimal,4,0,1,0
134,161,0.319440207659308,169,0.30561152495716726,8,161,0.319440207659308,0.30136453101683114,0.018075676642476834,25,17,Optimal,7,0,2,0
135,168,0.318636243207836,170,0.29989166159196085,2,168,0.318636243207836,0.2991616730403314,0.01947457016750459,30,14,Optimal,2,0,0,0
136,162,0.33556470456660487,170,0.31742340314512624,8,162,0.33556470456660487,0.3169483966113365,0.018616307955268363,24,12,Optimal,7,0,1,0
137,163,0.33128867277048835,167,0.3162765223076279,4,163,0.33128867277048835,0.31512696180019406,0.016161710970294285,23,25,Optimal,6,0,1,0
138,165,0.3294585442478837,170,0.31191917497640953,5,165,0.3294585442478837,0.31063145313837603,0.018827091109507643,30,19,Optimal,5,0,0,0
139,162,0.33777621384776374,170,0.32588715157243053,8,162,0.33777621384776374,0.3245066159165184,0.013269597931245325,32,18,Optimal,6,0,2,0
140,163,0.30662376334663727,169,0.2998242426118963,6,163,0.30662376334663727,0.29793046865724165,0.008693294689395614,44,17,Optimal,5,0,2,0
141,164,0.32469415643324634,169,0.30816271203773316,5,164,0.32469415643324634,0.3070567506967285,0.01763740573651784,31,12,Optimal,6,0,0,0
142,157,0.3203335685804566,170,0.3084801371378898,13,157,0.3203335685804566,0.3079367969042197,0.012396771676236873,31,21,Optimal,11,0,2,0
143,161,0.3334282433854739,170,0.3171701060418169,9,161,0.3334282433854739,0.3149572319547359,0.018471011430737982,33,14,Optimal,8,0,1,0
144,167,0.3142363892096861,169,0.2964466867110607,2,167,0.3142363892096861,0.29709998951157457,0.017136399698111537,25,16,Optimal,1,0,2,0
145,161,0.3326599531466136,169,0.3111067700177975,8,161,0.3326599531466136,0.3099184614862817,0.022741491660331903,27,21,Optimal,9,0,0,0
146,165,0.31332282557446683,169,0.30420865140385694,4,165,0.31332282557446683,0.30145740683549044,0.011865418738976397,20,13,Optimal,5,0,0,0
147,166,0.3405624623965708,169,0.322236080788931,3,166,0.3405624623965708,0.32107397763868933,0.019488484757881452,20,12,Optimal,3,0,1,0
148,167,0.3422299555220087,168,0.32042087430437216,1,167,0.3422299555220087,0.32037809189846117,0.02185186362354752,26,20,Optimal,2,0,1,0
149,168,0.32629088308988663,170,0.31164193561904474,2,168,0.32629088308988663,0.31085767831856803,0.015433204771318598,22,15,Optimal,2,0,0,0
150,163,0.3275654895428829,169,0.3124893313374558,6,163,0.3275654895428829,0.31178279347414095,0.01578269606874194,29,21,Optimal,6,0,1,0
151,167,0.3439928696678896,170,0.3153744487930044,3,167,0.3439928696678896,0.31533517863205124,0.028657691035838373,35,18,Optimal,3,0,0,0
152,164,0.34015037412266746,169,0.3223654085131922,5,164,0.34015037412266746,0.3206421405166093,0.01950823360605819,32,20,Optimal,4,0,2,0
153,163,0.3112978178229514,168,0.29342566783875185,5,163,0.3112978178229514,0.29165366469017784,0.019644153132773567,25,24,Optimal,6,0,1,0
154,161,0.3329534891339571,170,0.31706440866169305,9,161,0.3329534891339571,0.3162303216381083,0.01672316749584879,28,24,Optimal,8,0,1,0
155,163,0.32730228969490144,169,0.3153888006613193,6,163,0.32730228969490144,0.31462202259121863,0.012680267103682807,33,21,Optimal,6,0,1,0
156,167,0.3323100173106367,170,0.30720634004213454,3,167,0.3323100173106367,0.3064715296330375,0.02583848767759922,27,21,Optimal,3,0,0,0
157,163,0.3452885484204732,170,0.32846016778715964,7,163,0.3452885484204732,0.3280264671181341,0.017262081302339083,32,19,Optimal,6,0,1,0
158,158,0.3333603823478449,169,0.3181490479922425,11,158,0.3333603823478449,0.31336121230540726,0.01999917004243762,27,20,Optimal,11,0,1,0
159,166,0.3144560056641249,169,0.29610163175985543,3,166,0.3144560056641249,0.29604618750070033,0.018409818163424574,22,24,Optimal,4,0,0,0
160,164,0.34771224757295455,169,0.33271643389192074,5,164,0.34771224757295455,0.3324528554534619,0.01525939211949262,28,15,Optimal,4,0,2,0
161,166,0.32278832895087656,170,0.3119041475014669,4,166,0.32278832895087656,0.3085789707251675,0.014209358225709068,27,20,Optimal,3,0,1,0
162,162,0.34388396859106196,169,0.32554044816438793,7,162,0.34388396859106196,0.3229582128082241,0.02092575578283784,25,19,Optimal,7,0,1,0
163,164,0.3058528579110221,167,0.29604059352618084,3,164,0.3058528579110221,0.2955936053278946,0.010259252583127543,25,18,Optimal,6,0,0,0
164,162,0.33222640657297214,167,0.30934312926786217,5,162,0.33222640657297214,0.3081146937649161,0.02411171280805602,35,21,Optimal,4,0,4,0
165,166,0.3285330137843521,170,0.30839910942676096,4,166,0.3285330137843521,0.30831118005681774,0.02022183372753439,24,15,Optimal,4,0,0,0
166,164,0.33329938920501423,168,0.32601672216686367,4,164,0.33329938920501423,0.3225272858648362,0.01077210334017803,34,18,Optimal,5,0,1,0
167,166,0.3191372559465759,169,0.30353567168379725,3,166,0.3191372559465759,0.3024252956495934,0.016711960296982464,17,21,Optimal,3,0,1,0
168,166,0.3242680689801677,169,0.3110844569443918,3,166,0.3242680689801677,0.3111412083766214,0.013126860603546286,32,14,Optimal,4,0,0,0
169,163,0.32311401621858,168,0.31003454402574127,5,163,0.32311401621858,0.3090258737558797,0.014088142462700293,28,21,Optimal,7,0,0,0
170,167,0.31984877283397756,169,0.30613107486540053,2,167,0.31984877283397756,0.3058577261305919,0.013991046703385634,26,20,Optimal,2,0,1,0
171,163,0.33360499468406934,169,0.31723165215205035,6,163,0.33360499468406934,0.3152226029060842,0.01838239177798512,42,13,Optimal,6,0,1,0
172,168,0.33887144748376086,170,0.3273388955357527,2,168,0.33887144748376086,0.3247041724250844,0.014167275058676432,27,12,Optimal,2,0,0,0
173,163,0.33522810444210693,169,0.3266858329950007,6,163,0.33522810444210693,0.32465632853503185,0.010571775907075087,24,21,Optimal,7,0,0,0
174,168,0.3511669595004937,170,0.33087032421876855,2,168,0.3511669595004937,0.3303414344038436,0.020825525096650088,29,18,Optimal,2,0,0,0
175,165,0.3348540139259196,169,0.3214759776124882,4,165,0.3348540139259196,0.31935943267352385,0.015494581252395778,25,16,Optimal,5,0,0,0
176,168,0.328758670950278,169,0.3097120515792769,1,168,0.328758670950278,0.31004028656524557,0.018718384385032427,39,14,Optimal,1,0,1,0
177,159,0.3163879731336041,168,0.3018317210091738,9,159,0.3163879731336041,0.30054354484849616,0.01584442828510796,28,17,Optimal,11,0,0,0
178,165,0.3456566917505843,169,0.3297257535264319,4,165,0.3456566917505843,0.3281055645492816,0.017551127201302696,24,19,Optimal,4,0,1,0
179,162,0.3278088879388457,170,0.3209795791657219,8,162,0.3278088879388457,0.31875646069725305,0.009052427241592664,23,21,Optimal,8,0,0,0
180,165,0.31188144400012413,168,0.29110401639743333,3,165,0.31188144400012413,0.29136749465243494,0.020513949347689187,27,13,Optimal,3,0,2,0
181,163,0.3387961545288452,170,0.32043695248708176,7,163,0.3387961545288452,0.31995466570290415,0.018841488825941055,34,20,Optimal,6,0,1,0
182,163,0.3488244576706081,170,0.33701391840237394,7,163,0.3488244576706081,0.3324824812563585,0.016341976414249615,25,23,Optimal,7,0,0,0
183,162,0.322970425541915,170,0.3060869494764796,8,162,0.322970425541915,0.3053192543971791,0.01765117114473591,28,22,Optimal,7,0,1,0
184,161,0.3428227553503213,169,0.3265675424808423,8,161,0.3428227553503213,0.3246266327332721,0.018196122617049226,29,22,Optimal,9,0,0,0
185,165,0.3517407755000276,169,0.3326848009651387,4,165,0.3517407755000276,0.3305900709974309,0.021150704502596707,41,19,Optimal,5,0,0,0
186,163,0.3351024792587914,167,0.3236651818112383,4,163,0.3351024792587914,0.32423419623223765,0.010868283026553738,35,23,Optimal,5,0,2,0
187,160,0.3025389374338216,167,0.286194265389379,7,160,0.3025389374338216,0.2807051239123674,0.021833813521454193,30,22,Optimal,8,0,2,0
188,168,0.3160363080756318,170,0.2979259564957565,2,168,0.3160363080756318,0.29814137943590163,0.01789492863973019,26,12,Optimal,2,0,0,0
189,161,0.32422867114470766,170,0.3136298023380406,9,161,0.32422867114470766,0.3126008013339262,0.011627869810781455,29,30,Optimal,9,0,0,0
190,168,0.33804958118018036,170,0.31982209824121843,2,168,0.33804958118018036,0.3188946428770692,0.019154938303111158,24,15,Optimal,2,0,0,0
191,166,0.32664849813734703,170,0.3110016817490893,4,166,0.32664849813734703,0.30976398466384486,0.016884513473502172,31,17,Optimal,3,0,1,0
192,168,0.33373304359779227,170,0.32182050119996986,2,168,0.33373304359779227,0.3205948472772022,0.013138196320590045,27,11,Optimal,2,0,0,0
193,167,0.3108532170045011,170,0.30069053886423514,3,167,0.3108532170045011,0.2997162583541673,0.011136958650333761,28,14,Optimal,3,0,0,0
194,166,0.3474653914193825,170,0.3206245372112705,4,166,0.3474653914193825,0.32043101787377415,0.027034373545608337,32,19,Optimal,3,0,1,0
195,166,0.3405962591614201,170,0.3262052546897561,4,166,0.3405962591614201,0.3237418769341442,0.01685438222727592,33,19,Optimal,4,0,0,0
196,165,0.3222716049895821,170,0.3080052435872769,5,165,0.3222716049895821,0.3070259864093348,0.015245618580247311,29,13,Optimal,5,0,0,0
197,164,0.3278885571905955,170,0.3118790542486233,6,164,0.3278885571905955,0.3097537301085137,0.018134827082081806,23,21,Optimal,5,0,1,0
198,163,0.32955326956615344,170,0.31664872588593296,7,163,0.32955326956615344,0.3166384567793214,0.012914812786832042,29,25,Optimal,7,0,0,0
199,162,0.33505290339418853,168,0.31369817290490903,6,162,0.33505290339418853,0.3149260031369412,0.020126900257247338,38,18,Optimal,6,0,2,0
200,168,0.33181924241411087,170,0.31487466796701374,2,168,0.33181924241411087,0.31414177950935224,0.017677462904758634,26,11,Optimal,0,0,2,0
201,166,0.3272857280903896,170,0.31559717785823627,4,166,0.3272857280903896,0.31361065371364083,0.013675074376748753,21,23,Optimal,4,0,0,0
202,165,0.341094726216709,169,0.3159828021117696,4,165,0.341094726216709,0.31621232369014396,0.02488240252656504,31,23,Optimal,5,0,0,0
203,163,0.3236546086075868,168,0.30836179955292764,5,163,0.3236546086075868,0.30765787038109893,0.015996738226487894,33,14,Optimal,6,0,1,0
204,163,0.34757941264438075,168,0.3292197422573687,5,163,0.34757941264438075,0.3270510379742532,0.020528374670127525,25,14,Optimal,5,0,2,0
205,166,0.3218429309664285,168,0.30943083135588556,2,166,0.3218429309664285,0.3096315131411818,0.012211417825246706,24,21,Optimal,4,0,0,0
206,161,0.34578161041607636,168,0.3292522128987533,7,161,0.34578161041607636,0.3279775592255084,0.017804051190567938,18,19,Optimal,9,0,0,0
207,166,0.33634580978814865,168,0.31648259069566087,2,166,0.33634580978814865,0.3166294781272051,0.019716331660943553,31,15,Optimal,2,0,2,0
208,167,0.33811036448442594,169,0.32562843104219275,2,167,0.33811036448442594,0.3260295260327087,0.012080838451717257,30,20,Optimal,1,0,2,0
209,163,0.2992545751923849,168,0.2887947967118701,5,163,0.2992545751923849,0.28858067908650725,0.010673896105877656,34,16,Optimal,4,0,3,0
210,162,0.35069330625775036,169,0.3418517833884208,7,162,0.35069330625775036,0.338909388389731,0.011783917868019356,23,23,Optimal,8,0,0,0
211,164,0.3312137239494059,169,0.3196797082376824,5,164,0.3312137239494059,0.31799334130085094,0.013220382648554962,21,18,Optimal,6,0,0,0
212,163,0.3241030027760189,169,0.3059362735141403,6,163,0.3241030027760189,0.3049897637846457,0.019113238991373183,49,17,Optimal,5,0,2,0
213,165,0.31663218084676437,169,0.30595891489750465,4,165,0.31663218084676437,0.3048794322196522,0.011752748627112175,31,23,Optimal,5,0,0,0
214,166,0.33254424004296446,170,0.3236574743418431,4,166,0.33254424004296446,0.32209276447059076,0.010451475572373692,27,14,Optimal,4,0,0,0
215,160,0.3241548728403798,167,0.31238772315105595,7,160,0.3241548728403798,0.3102997718814203,0.013855100958959476,26,28,Optimal,10,0,0,0
216,162,0.3482307555740249,170,0.3285162751868595,8,162,0.3482307555740249,0.32761043350112296,0.02062032207290193,23,21,Optimal,7,0,1,0
217,163,0.330396155074606,170,0.3240259565279565,7,163,0.330396155074606,0.3204889321509712,0.009907222923634829,21,19,Optimal,7,0,0,0
218,162,0.3489707139004936,168,0.33309188300025144,6,162,0.3489707139004936,0.3300342662981435,0.018936447602350137,31,23,Optimal,7,0,1,0
219,164,0.3239422802594551,169,0.31472030193963535,5,164,0.3239422802594551,0.31216904090398906,0.011773239355466036,32,13,Optimal,5,0,1,0
220,165,0.34244237786603593,170,0.32551751785140115,5,165,0.34244237786603593,0.32395558594190593,0.018486791924129997,21,11,Optimal,4,0,1,0
221,163,0.3165367159839723,167,0.30286243461215645,4,163,0.3165367159839723,0.30259672142014854,0.013939994563823777,34,18,Optimal,5,0,2,0
222,169,0.33410764220034217,169,0.31997684588117953,0,169,0.33410764220034217,0.31997684588117953,0.014130796319162642,32,15,Optimal,1,0,0,0
223,165,0.33855591253037554,170,0.3214313749872001,5,165,0.33855591253037554,0.3216268564681831,0.016929056062192416,31,17,Optimal,5,0,0,0
224,166,0.3287816106893048,170,0.316225008389368,4,166,0.3287816106893048,0.31606628128088704,0.012715329408417742,36,12,Optimal,3,0,1,0
225,160,0.31929420948906395,168,0.3120370628426292,8,160,0.31929420948906395,0.3069530903270262,0.012341119162037728,31,18,Optimal,8,0,2,0
226,167,0.31496534919083585,170,0.3009400418799707,3,167,0.31496534919083585,0.30002256592175197,0.014942783269083881,28,15,Optimal,3,0,0,0
227,168,0.3307081814740694,170,0.31598276763145794,2,168,0.3307081814740694,0.31508535810701704,0.015622823367052341,36,19,Optimal,2,0,0,0
228,167,0.3623845942631289,169,0.3360264801048824,2,167,0.3623845942631289,0.33599463712258476,0.02638995714054415,32,23,Optimal,3,0,0,0
229,163,0.32314316018902833,170,0.3157718302289586,7,163,0.32314316018902833,0.31465644456971015,0.008486715619318186,28,13,Optimal,5,0,2,0
230,163,0.3217326747119983,169,0.3029844874641758,6,163,0.3217326747119983,0.3013696612753036,0.020363013436694666,26,21,Optimal,6,0,1,0
231,162,0.33522450024017925,169,0.32334128476477564,7,162,0.33522450024017925,0.3221632307606484,0.013061269479530846,28,21,Optimal,5,0,2,1
232,167,0.3331480276026822,169,0.32272042061709205,2,167,0.3331480276026822,0.3215987541500775,0.011549273452604703,30,19,Optimal,2,0,1,0
233,164,0.31435133173822893,169,0.307136553243483,5,164,0.31435133173822893,0.30409518847267386,0.010256143265555073,29,22,Optimal,6,0,0,0
234,164,0.3285956143587772,168,0.30968800248577777,4,164,0.3285956143587772,0.3091083899661361,0.01948722439264111,37,19,Optimal,5,0,1,0
235,166,0.32706626577173203,169,0.3150964499961568,3,166,0.32706626577173203,0.3151613192609421,0.011904946510789938,38,18,Optimal,3,0,1,0
236,155,0.3126696418497576,167,0.313377912285995,12,155,0.3126696418497576,0.3067226218590546,0.0059470199907030175,30,26,Optimal,13,0,2,0
237,166,0.33841626190739305,169,0.32106718896403974,3,166,0.33841626190739305,0.32193550842066776,0.016480753486725286,28,16,Optimal,3,0,1,0
238,166,0.3370490389677561,170,0.32064175129808575,4,166,0.3370490389677561,0.3193728528217205,0.01767618614603561,32,11,Optimal,4,0,0,0
239,165,0.3209590476437985,170,0.3120626399292808,5,165,0.3209590476437985,0.3094860567497162,0.011472990894082324,35,14,Optimal,4,0,1,0
240,161,0.3091020661624905,169,0.3020994336931932,8,161,0.3091020661624905,0.297097941131536,0.012004125030954493,32,19,Optimal,8,0,1,0
241,166,0.3433339758925444,169,0.3188878368902266,3,166,0.3433339758925444,0.31838329722325504,0.02495067866928935,27,20,Optimal,4,0,0,0
242,163,0.3276947521142539,168,0.3170289813770398,5,163,0.3276947521142539,0.3157509874918044,0.011943764622449504,32,18,Optimal,6,0,1,0
243,164,0.3081596015784344,170,0.2982470888186361,6,164,0.3081596015784344,0.29770095093353877,0.01045865064489565,35,25,Optimal,6,0,0,0
244,164,0.3407141192366984,170,0.3225723454245552,6,164,0.3407141192366984,0.3195750315512048,0.021139087685493607,20,22,Optimal,4,0,2,0
245,162,0.3139363665899131,169,0.300031829209861,7,162,0.3139363665899131,0.29862059391479867,0.015315772675114414,27,17,Optimal,6,0,2,0
246,161,0.32356204532750926,169,0.3108964451760058,8,161,0.32356204532750926,0.3115978671811761,0.01196417814633316,29,16,Optimal,9,0,0,0
247,165,0.3323234084427037,170,0.3235162062125261,5,165,0.3323234084427037,0.3194654157921188,0.012857992650584904,24,16,Optimal,4,0,1,0
248,165,0.335964738192869,169,0.3271035617734822,4,165,0.335964738192869,0.3255250294285777,0.010439708764291289,35,17,Optimal,5,0,0,0
249,167,0.336785062785174,169,0.31645228561613464,2,167,0.336785062785174,0.3162470122033077,0.020538050581866307,26,15,Optimal,1,0,2,0
250,169,0.3181744574365471,170,0.3072126257858548,1,169,0.3181744574365471,0.3063694993467543,0.011804958089792816,35,18,Optimal,1,0,0,0
251,165,0.3472079047487101,170,0.3331334891161417,5,165,0.3472079047487101,0.3320636034046632,0.015144301344046929,19,11,Optimal,5,0,0,0
252,161,0.31506935984797396,168,0.30737418660324584,7,161,0.31506935984797396,0.3028310017950533,0.012238358052920673,37,19,Optimal,7,0,2,0
253,167,0.3216895634924233,170,0.309173203089631,3,167,0.3216895634924233,0.3090575812251794,0.01263198226724388,28,19,Optimal,2,0,1,0
254,163,0.3426958165294876,170,0.32404216660174234,7,163,0.3426958165294876,0.32244980052942196,0.020246016000065647,41,18,Optimal,7,0,0,0
255,161,0.341061248332504,167,0.32626063393921806,6,161,0.341061248332504,0.32350756331023056,0.017553685022273446,24,16,Optimal,7,0,2,0
256,163,0.3405750869267352,169,0.3202631864452187,6,163,0.3405750869267352,0.3187821935098909,0.021792893416844317,29,16,Optimal,4,0,3,0
257,163,0.3117226918174549,170,0.3022345773708355,7,163,0.3117226918174549,0.30030834520123145,0.011414346616223425,21,14,Optimal,6,0,1,0
258,164,0.35010894161654094,168,0.3301437392295939,4,164,0.35010894161654094,0.33012125386148455,0.019987687755056383,39,23,Optimal,4,0,2,0
259,162,0.31222192314578023,170,0.3012025886140182,8,162,0.31222192314578023,0.2992235247853628,0.01299839836041744,24,29,Optimal,7,0,1,0
260,161,0.3447253725245213,170,0.3300216826002554,9,161,0.3447253725245213,0.3271047119130498,0.017620660611471495,30,18,Optimal,7,0,2,0
261,163,0.3098789772452361,169,0.29770989769144096,6,163,0.3098789772452361,0.29563790781072136,0.014241069434514753,32,19,Optimal,7,0,0,0
262,163,0.32988045939767985,169,0.311392464720387,6,163,0.32988045939767985,0.3101685318528069,0.019711927544872943,35,18,Optimal,5,0,2,0
263,162,0.3333113800354147,170,0.31550643689547925,8,162,0.3333113800354147,0.3144968746695619,0.01881450536585283,28,22,Optimal,8,0,0,0
264,167,0.35962725801214795,170,0.3361500303693594,3,167,0.35962725801214795,0.33584217169414304,0.02378508631800491,27,20,Optimal,3,0,0,0
265,162,0.337740833164069,168,0.3187657106548993,6,162,0.337740833164069,0.31902111865466964,0.018719714509399354,28,17,Optimal,8,0,0,0
266,165,0.31330510512827153,170,0.2980440942260268,5,165,0.31330510512827153,0.29757356251664907,0.015731542611622462,28,10,Optimal,4,0,1,0
267,160,0.3147641444241239,168,0.3064454834134028,8,160,0.3147641444241239,0.30279405236107815,0.011970092063045779,25,16,Optimal,10,0,0,0
268,164,0.3235341589433396,170,0.3148524898350107,6,164,0.3235341589433396,0.3113758106337227,0.012158348309616873,24,22,Optimal,6,0,0,0
269,160,0.3393585199192781,167,0.3268174751434873,7,160,0.3393585199192781,0.3208006408699212,0.018557879049356907,34,21,Optimal,8,0,2,0
270,166,0.33261650883516064,169,0.3241248909315431,3,166,0.33261650883516064,0.3239801691097567,0.008636339725403952,36,13,Optimal,4,0,0,0
271,159,0.3386015745298762,170,0.3236117766599354,11,159,0.3386015745298762,0.3192337075948578,0.019367866935018407,32,32,Optimal,10,0,1,0
272,165,0.3116400153703571,170,0.3034659141235507,5,165,0.3116400153703571,0.3021505043563868,0.009489511013970331,32,21,Optimal,5,0,0,0
273,165,0.3292936955473625,169,0.31583720311125774,4,165,0.3292936955473625,0.3131688418630686,0.016124853684293894,28,16,Optimal,4,0,1,0
274,165,0.3312252433381286,170,0.3109993032535389,5,165,0.3312252433381286,0.30918473652900297,0.022040506809125615,31,15,Optimal,5,0,0,0
275,167,0.3201004710197056,170,0.3086265226034483,3,167,0.3201004710197056,0.30684193132938387,0.013258539690321758,35,14,Optimal,3,0,0,0
276,166,0.29453532225731555,169,0.2797600343963217,3,166,0.29453532225731555,0.27846210217151923,0.016073220085796314,34,17,Optimal,3,0,1,0
277,167,0.3198944367013048,168,0.3027970760462439,1,167,0.3198944367013048,0.30285686716643556,0.017037569534869235,29,19,Optimal,3,0,0,0
278,159,0.326080706971629,169,0.31833765646617873,10,159,0.326080706971629,0.3130256163181592,0.01305509065346977,16,20,Optimal,11,0,0,0
279,167,0.33016626996168763,169,0.3194662693939566,2,167,0.33016626996168763,0.31764018038526376,0.012526089576423871,31,14,Optimal,2,0,1,0
280,165,0.33646124179283393,170,0.31753126317187835,5,165,0.33646124179283393,0.3163127334024201,0.020148508390413822,30,18,Optimal,4,0,1,0
281,165,0.3428195893287735,169,0.3241471225498332,4,165,0.3428195893287735,0.3229716099359443,0.019847979392829174,32,17,Optimal,5,0,0,0
282,166,0.3357091181111487,170,0.31062305885387653,4,166,0.3357091181111487,0.3094895009954506,0.02621961711569809,34,18,Optimal,4,0,0,0
283,166,0.32426618045442923,169,0.3126167567506049,3,166,0.32426618045442923,0.31139144832863286,0.012874732125796373,29,11,Optimal,3,0,1,0
284,159,0.3471373292590092,170,0.3337093995734994,11,159,0.3471373292590092,0.3305371777174655,0.016600151541543706,24,23,Optimal,10,0,1,0
285,162,0.3290675448997152,170,0.31673450801746655,8,162,0.3290675448997152,0.3142537844318782,0.014813760467837,26,22,Optimal,6,0,2,0
286,165,0.30579939635637227,170,0.28735534145888914,5,165,0.30579939635637227,0.2867453586666758,0.01905403768969649,36,15,Optimal,5,0,0,0
287,163,0.305395705994305,169,0.2992099266414711,6,163,0.305395705994305,0.2957898493477033,0.009605856646601685,41,18,Optimal,6,0,1,0
288,160,0.33276122566014277,169,0.31633670183349455,9,160,0.33276122566014277,0.3139536938673009,0.01880753179284189,27,19,Optimal,9,0,1,0
289,165,0.32157932878204676,170,0.31194160015736905,5,165,0.32157932878204676,0.3112724635872898,0.010306865194756931,34,14,Optimal,3,0,2,0
290,162,0.33061829224064154,170,0.3209201104667727,8,162,0.33061829224064154,0.31709367315103565,0.013524619089605894,28,25,Optimal,8,0,0,0
291,166,0.3215716761416628,169,0.30593797675240736,3,166,0.3215716761416628,0.3046525458001004,0.016919130341562394,34,19,Optimal,3,0,1,0
292,161,0.34692886088952596,170,0.33379483546252103,9,161,0.34692886088952596,0.33117075221365727,0.015758108675868687,30,20,Optimal,8,0,1,0
293,166,0.34051870222123104,170,0.3284639335559282,4,166,0.34051870222123104,0.3275679038527632,0.012950798368467853,31,19,Optimal,3,0,1,0
294,162,0.3165614062183909,168,0.3042817191064042,6,162,0.3165614062183909,0.3033852317270457,0.013176174491345227,29,20,Optimal,8,0,0,0
295,165,0.3365849734886306,169,0.3243451025918805,4,165,0.3365849734886306,0.32280041884244304,0.013784554646187552,35,21,Optimal,4,0,1,0
296,166,0.3332874843095679,169,0.3204099070755546,3,166,0.3332874843095679,0.319054980437474,0.014232503872093905,32,10,Optimal,4,0,0,0
297,165,0.33272454708541355,170,0.3203036521094364,5,165,0.33272454708541355,0.32033009640753896,0.012394450677874591,25,23,Optimal,5,0,0,0
298,162,0.33764997807729324,169,0.3164007747762358,7,162,0.33764997807729324,0.3149429866589742,0.022706991418319056,34,18,Optimal,7,0,1,0
299,165,0.32213608761023227,168,0.3091993537443683,3,165,0.32213608761023227,0.30807906461283857,0.014057022997393698,26,19,Optimal,5,0,0,0
